<?xml version="1.0" encoding="UTF-8"?><Root name="icm:ICM Root"  referenceInfo="ticketId=ICM000131,headline=SetDefaultGLAccountNo_final,createdBy=stgadmin,createdOn=27-Jan-2021 16:46:05,status=Close,publish=No,severity=Medium,priority=Normal,repository=STGBillingICM,description=SetDefaultGLAccountNo_final,crName=;"  optionType="Ticket" ><Entity UUID="a21c7fbc-d826-433c-b2ef-bf2c1f23c2c5" name="User Data Definitions" rootArea="true" area="User Data Definitions"><Entity UUID="1a37ac0d-42a0-49e2-bb5f-f8ad917015c8" name="STGBilling Rules" description="created artificial parent" remark="" parentUUID="a21c7fbc-d826-433c-b2ef-bf2c1f23c2c5" area="User Data Definitions" action="1" ><properties><![CDATA[[{"name":"operationType","type":"String","value":""},{"name":"description","type":"String","value":"created artificial parent"},{"name":"versionNumber","type":"String","value":"7"},{"name":"creator","type":"String","value":""},{"name":"lastModified","type":"Date","value":"27-Jan-2021"},{"name":"archive","type":"Boolean","value":"false"}]]]></properties><Entity UUID="e56cad72-070d-463f-af0b-f29e11f1b8f1" name="GeneralLedger" description="created artificial parent" remark="" parentUUID="1a37ac0d-42a0-49e2-bb5f-f8ad917015c8" area="User Data Definitions" action="1" ><properties><![CDATA[[{"name":"operationType","type":"String","value":""},{"name":"description","type":"String","value":"created artificial parent"},{"name":"versionNumber","type":"String","value":"2"},{"name":"checkpoint","type":"Boolean","value":"true"},{"name":"creator","type":"String","value":""},{"name":"lastModified","type":"Date","value":"27-Jan-2021"},{"name":"archive","type":"Boolean","value":"false"}]]]></properties><Entity UUID="9785705f-7cb5-4fff-a0ca-9fb923457af8" name="SetDefaultGLAccountNo" description="SetDefaultGLAccountNo" remark="" parentUUID="e56cad72-070d-463f-af0b-f29e11f1b8f1" area="User Data Definitions" action="1" ><properties><![CDATA[[{"name":"templateNodesPath","type":"String","value":""},{"name":"lastModified","type":"Date","value":"27-Jan-2021"},{"name":"referenceColumn","type":"String","value":""},{"name":"applyToAll","type":"Boolean","value":"false"},{"name":"referenceValue","type":"String","value":""},{"name":"format","type":"String","value":"dsrl"},{"name":"refentityPath","type":"String","value":""},{"name":"archive","type":"Boolean","value":"false"},{"name":"readOnly","type":"Boolean","value":"false"},{"name":"operationType","type":"String","value":""},{"name":"description","type":"String","value":"SetDefaultGLAccountNo"},{"name":"isAllTemplateNodes","type":"Boolean","value":"false"},{"name":"isdetached","type":"Boolean","value":"false"},{"name":"templateEntities","type":"String","value":""},{"name":"rulePrimaryCategory","type":"String","value":"STGBilling5"},{"name":"lastContributor","type":"String","value":"stgadmin"},{"name":"templateReference","type":"String","value":""},{"name":"checkinComment","type":"String","value":"Initial"},{"name":"ratingStage","type":"String","value":""},{"name":"checkpoint","type":"Boolean","value":"true"},{"name":"refentity","type":"String","value":""},{"name":"templateRevisionNumber","type":"String","value":""},{"name":"ruleOtherCategory","type":"String","value":"[]"},{"name":"revisionReadOnly","type":"Boolean","value":"false"},{"name":"refEntityNewPaths","type":"String","value":""},{"name":"currentVersionNumber","type":"Double","value":"2.1"},{"name":"templateDefReferencePath","type":"String","value":""},{"name":"versionNumber","type":"Long","value":"2"},{"name":"subformat","type":"String","value":""},{"name":"copiedFrom","type":"String","value":""},{"name":"userListToAccessEntity","type":"String","value":""},{"name":"refColumnDetails","type":"String","value":""},{"name":"entity","type":"String","value":""},{"name":"creator","type":"String","value":""},{"name":"lockedByTicket","type":"String","value":""},{"name":"ratingEntityId","type":"String","value":""}]]]></properties><propertiesDef><![CDATA[<GuidedTemplate>
  <columnModels>
    <ColumnModel>
      <width>-1</width>
      <hideColumn>false</hideColumn>
      <useRowNumber>false</useRowNumber>
      <reverseOrder>false</reverseOrder>
      <referenceColumn>true</referenceColumn>
      <isdefaultValue>false</isdefaultValue>
      <isAlgorithmColumn>false</isAlgorithmColumn>
      <otherDetail class="com.mmpnc.icm.common.ide.models.ReferenceMappingInfo">
        <referencePath>/User Data Definitions/ListOFValues/GLAccountCode</referencePath>
        <valueColumn>LOVCODE</valueColumn>
        <displayColumn>LOVDESC</displayColumn>
      </otherDetail>
      <header>GLAccountCode</header>
      <constraintValueType>9</constraintValueType>
      <columnKey>GLAccountCode</columnKey>
      <columnDataType>String</columnDataType>
      <columnDataTypeIndex>0</columnDataTypeIndex>
      <columnType>Reference</columnType>
      <columnTypeIndex>1</columnTypeIndex>
      <isBaseEntity>false</isBaseEntity>
      <defaultLength>200</defaultLength>
      <isColumnIncluded>false</isColumnIncluded>
      <index>0</index>
      <isForInternalUse>false</isForInternalUse>
      <isUnChecked>false</isUnChecked>
    </ColumnModel>
    <ColumnModel>
      <width>-1</width>
      <hideColumn>false</hideColumn>
      <useRowNumber>false</useRowNumber>
      <reverseOrder>false</reverseOrder>
      <referenceColumn>false</referenceColumn>
      <isdefaultValue>false</isdefaultValue>
      <isAlgorithmColumn>false</isAlgorithmColumn>
      <header> GLAccountNo </header>
      <constraintValueType>1</constraintValueType>
      <columnKey> GLAccountNo </columnKey>
      <columnDataType>String</columnDataType>
      <columnDataTypeIndex>0</columnDataTypeIndex>
      <columnTypeIndex>0</columnTypeIndex>
      <isBaseEntity>false</isBaseEntity>
      <defaultLength>200</defaultLength>
      <isColumnIncluded>false</isColumnIncluded>
      <index>0</index>
      <isForInternalUse>false</isForInternalUse>
      <isUnChecked>false</isUnChecked>
    </ColumnModel>
    <ColumnModel>
      <width>-1</width>
      <hideColumn>false</hideColumn>
      <useRowNumber>false</useRowNumber>
      <reverseOrder>false</reverseOrder>
      <referenceColumn>true</referenceColumn>
      <isdefaultValue>false</isdefaultValue>
      <isAlgorithmColumn>false</isAlgorithmColumn>
      <otherDetail class="com.mmpnc.icm.common.ide.models.ReferenceMappingInfo">
        <referencePath>/User Data Definitions/ListOFValues/PaymentMethod</referencePath>
        <valueColumn>LOV_CODE</valueColumn>
        <displayColumn>LOV_DESCRIPTION</displayColumn>
      </otherDetail>
      <header> PaymentMethod </header>
      <constraintValueType>9</constraintValueType>
      <columnKey> PaymentMethod </columnKey>
      <columnDataType>String</columnDataType>
      <columnDataTypeIndex>0</columnDataTypeIndex>
      <columnType>Reference</columnType>
      <columnTypeIndex>1</columnTypeIndex>
      <isBaseEntity>false</isBaseEntity>
      <defaultLength>200</defaultLength>
      <isColumnIncluded>false</isColumnIncluded>
      <index>0</index>
      <isForInternalUse>false</isForInternalUse>
      <isUnChecked>false</isUnChecked>
    </ColumnModel>
    <ColumnModel>
      <width>-1</width>
      <hideColumn>false</hideColumn>
      <useRowNumber>false</useRowNumber>
      <reverseOrder>false</reverseOrder>
      <referenceColumn>false</referenceColumn>
      <isdefaultValue>false</isdefaultValue>
      <isAlgorithmColumn>false</isAlgorithmColumn>
      <header>CoverageType</header>
      <constraintValueType>1</constraintValueType>
      <columnKey>CoverageType</columnKey>
      <columnDataType>String</columnDataType>
      <columnDataTypeIndex>0</columnDataTypeIndex>
      <columnTypeIndex>0</columnTypeIndex>
      <isBaseEntity>false</isBaseEntity>
      <defaultLength>200</defaultLength>
      <isColumnIncluded>false</isColumnIncluded>
      <index>0</index>
      <isForInternalUse>false</isForInternalUse>
      <isUnChecked>false</isUnChecked>
    </ColumnModel>
    <ColumnModel>
      <width>-1</width>
      <hideColumn>false</hideColumn>
      <useRowNumber>false</useRowNumber>
      <reverseOrder>false</reverseOrder>
      <referenceColumn>false</referenceColumn>
      <isdefaultValue>false</isdefaultValue>
      <isAlgorithmColumn>false</isAlgorithmColumn>
      <header>WriteOffReason</header>
      <constraintValueType>1</constraintValueType>
      <columnKey>WriteOffReason</columnKey>
      <columnDataType>String</columnDataType>
      <columnDataTypeIndex>0</columnDataTypeIndex>
      <columnType>Literal</columnType>
      <columnTypeIndex>0</columnTypeIndex>
      <enityType>Insurance</enityType>
      <isBaseEntity>false</isBaseEntity>
      <defaultLength>200</defaultLength>
      <isColumnIncluded>false</isColumnIncluded>
      <index>0</index>
      <isForInternalUse>false</isForInternalUse>
      <isUnChecked>false</isUnChecked>
    </ColumnModel>
    <ColumnModel>
      <width>-1</width>
      <hideColumn>false</hideColumn>
      <useRowNumber>false</useRowNumber>
      <reverseOrder>false</reverseOrder>
      <referenceColumn>false</referenceColumn>
      <isdefaultValue>false</isdefaultValue>
      <isAlgorithmColumn>false</isAlgorithmColumn>
      <header>GroupYN</header>
      <constraintValueType>1</constraintValueType>
      <columnKey>GroupYN</columnKey>
      <columnDataType>String</columnDataType>
      <columnDataTypeIndex>0</columnDataTypeIndex>
      <columnType>Literal</columnType>
      <columnTypeIndex>0</columnTypeIndex>
      <isBaseEntity>false</isBaseEntity>
      <defaultLength>200</defaultLength>
      <isColumnIncluded>false</isColumnIncluded>
      <index>0</index>
      <isForInternalUse>false</isForInternalUse>
      <isUnChecked>false</isUnChecked>
    </ColumnModel>
  </columnModels>
  <templateRuleModels>
    <com.mmpnc.icm.common.ide.models.TemplateRuleModel>
      <name>SetDefaultGLAccountNo</name>
      <modelVersion>1.0</modelVersion>
      <attributes>
        <com.mmpnc.icm.common.ide.models.RuleAttribute>
          <attributeName>agenda-group</attributeName>
          <value>UpdateGeneralLedger</value>
        </com.mmpnc.icm.common.ide.models.RuleAttribute>
        <com.mmpnc.icm.common.ide.models.RuleAttribute>
          <attributeName>salience</attributeName>
          <value>100</value>
        </com.mmpnc.icm.common.ide.models.RuleAttribute>
      </attributes>
      <metadataList/>
      <lhs>
        <com.mmpnc.icm.common.ide.models.FactPattern>
          <constraintList>
            <constraints>
              <com.mmpnc.icm.common.ide.models.SingleFieldConstraint>
                <isRuleSet>false</isRuleSet>
                <readOnly>false</readOnly>
                <value>GLAccountCode</value>
                <constraintValueType>TYPE_TEMPLATE</constraintValueType>
                <fieldName>GLAccountCode</fieldName>
                <operator>==</operator>
                <fieldType>java.lang.String</fieldType>
                <orderNo>0</orderNo>
                <expression>
                  <parts/>
                </expression>
              </com.mmpnc.icm.common.ide.models.SingleFieldConstraint>
              <com.mmpnc.icm.common.ide.models.SingleFieldConstraint>
                <isRuleSet>false</isRuleSet>
                <readOnly>false</readOnly>
                <value> PaymentMethod </value>
                <constraintValueType>TYPE_TEMPLATE</constraintValueType>
                <fieldName>PaymentMethod</fieldName>
                <operator>==</operator>
                <fieldType>java.lang.String</fieldType>
                <orderNo>0</orderNo>
                <expression>
                  <parts/>
                </expression>
              </com.mmpnc.icm.common.ide.models.SingleFieldConstraint>
              <com.mmpnc.icm.common.ide.models.SingleFieldConstraint>
                <isRuleSet>false</isRuleSet>
                <readOnly>false</readOnly>
                <value>CoverageType</value>
                <constraintValueType>TYPE_TEMPLATE</constraintValueType>
                <fieldName>CoverageType</fieldName>
                <operator>==</operator>
                <fieldType>java.lang.String</fieldType>
                <orderNo>0</orderNo>
                <expression>
                  <parts/>
                </expression>
              </com.mmpnc.icm.common.ide.models.SingleFieldConstraint>
              <com.mmpnc.icm.common.ide.models.SingleFieldConstraint>
                <isRuleSet>false</isRuleSet>
                <readOnly>false</readOnly>
                <value>WriteOffReason</value>
                <constraintValueType>TYPE_TEMPLATE</constraintValueType>
                <fieldName>TransactionReason</fieldName>
                <operator>==</operator>
                <fieldType>java.lang.String</fieldType>
                <orderNo>0</orderNo>
                <expression>
                  <parts/>
                </expression>
              </com.mmpnc.icm.common.ide.models.SingleFieldConstraint>
            </constraints>
          </constraintList>
          <factType>GLInterface</factType>
          <boundName>gl</boundName>
          <isBase>false</isBase>
        </com.mmpnc.icm.common.ide.models.FactPattern>
      </lhs>
      <rhs>
        <com.mmpnc.icm.common.ide.models.ActionSetField>
          <fieldValues>
            <com.mmpnc.icm.common.ide.models.ActionFieldValue>
              <field>GLAccountNo</field>
              <value> GLAccountNo </value>
              <nature>7</nature>
              <type>java.lang.String</type>
              <expression>
                <parts/>
              </expression>
            </com.mmpnc.icm.common.ide.models.ActionFieldValue>
          </fieldValues>
          <variable>gl</variable>
        </com.mmpnc.icm.common.ide.models.ActionSetField>
        <com.mmpnc.icm.common.ide.models.ActionSetField>
          <fieldValues>
            <com.mmpnc.icm.common.ide.models.ActionFieldValue>
              <field>GroupYN</field>
              <value>GroupYN</value>
              <nature>7</nature>
              <type>java.lang.String</type>
              <expression>
                <parts/>
              </expression>
            </com.mmpnc.icm.common.ide.models.ActionFieldValue>
          </fieldValues>
          <variable>gl</variable>
        </com.mmpnc.icm.common.ide.models.ActionSetField>
      </rhs>
      <isPrimaryRuleModel>false</isPrimaryRuleModel>
      <tableName>SetDefaultGLAccountNo</tableName>
      <metadataCols/>
      <attributeCols/>
      <actionCols/>
      <data/>
      <descriptionWidth>-1</descriptionWidth>
      <isBaseTemplate>true</isBaseTemplate>
      <isParent>false</isParent>
      <copyBase>false</copyBase>
    </com.mmpnc.icm.common.ide.models.TemplateRuleModel>
  </templateRuleModels>
  <data>
    <string-array>
      <string>CashClearing</string>
      <string>105261222</string>
      <string>E</string>
      <string></string>
      <string></string>
      <string>Y</string>
    </string-array>
    <string-array>
      <string>CashClearing</string>
      <string>105211222</string>
      <string>F</string>
      <string></string>
      <string></string>
      <string>Y</string>
    </string-array>
    <string-array>
      <string>CashClearing</string>
      <string>105211222</string>
      <string>G</string>
      <string></string>
      <string></string>
      <string>Y</string>
    </string-array>
    <string-array>
      <string>CashClearing</string>
      <string>105211222</string>
      <string>H</string>
      <string></string>
      <string></string>
      <string>Y</string>
    </string-array>
    <string-array>
      <string>CashClearing</string>
      <string>105251230</string>
      <string>EFT</string>
      <string></string>
      <string></string>
      <string>Y</string>
    </string-array>
    <string-array>
      <string>CashClearing</string>
      <string>105211222</string>
      <string>CHECK</string>
      <string></string>
      <string></string>
      <string>Y</string>
    </string-array>
    <string-array>
      <string>CashClearing</string>
      <string>109900000</string>
      <string>K</string>
      <string></string>
      <string></string>
      <string>Y</string>
    </string-array>
    <string-array>
      <string>CashClearing</string>
      <string>109900000</string>
      <string>J</string>
      <string></string>
      <string></string>
      <string>Y</string>
    </string-array>
    <string-array>
      <string>CashClearing</string>
      <string>109920000</string>
      <string>L</string>
      <string></string>
      <string></string>
      <string>Y</string>
    </string-array>
    <string-array>
      <string>CashClearing</string>
      <string>109172106</string>
      <string>M</string>
      <string></string>
      <string></string>
      <string>Y</string>
    </string-array>
    <string-array>
      <string>Unassigned</string>
      <string></string>
      <string></string>
      <string></string>
      <string></string>
      <string></string>
    </string-array>
    <string-array>
      <string>CollectionAgency</string>
      <string>109600000</string>
      <string></string>
      <string>PREMIUM</string>
      <string></string>
      <string></string>
    </string-array>
    <string-array>
      <string>CollectionAgency</string>
      <string>109600000</string>
      <string></string>
      <string>INSTALLMENTFEE</string>
      <string></string>
      <string></string>
    </string-array>
    <string-array>
      <string>CollectionAgency</string>
      <string>109600000</string>
      <string></string>
      <string>NSF_FEE</string>
      <string></string>
      <string></string>
    </string-array>
    <string-array>
      <string>CollectionAgency</string>
      <string>109600000</string>
      <string></string>
      <string>PREMIUM</string>
      <string></string>
      <string></string>
    </string-array>
    <string-array>
      <string>CollectionAgency</string>
      <string>109600000</string>
      <string></string>
      <string>INSTALLMENTFEE</string>
      <string></string>
      <string></string>
    </string-array>
    <string-array>
      <string>CollectionAgency</string>
      <string>109600000</string>
      <string></string>
      <string>NSF_FEE</string>
      <string></string>
      <string></string>
    </string-array>
    <string-array>
      <string>DisburseAccount</string>
      <string>215500000</string>
      <string></string>
      <string></string>
      <string></string>
      <string></string>
    </string-array>
    <string-array>
      <string>Receivable</string>
      <string>109000000</string>
      <string></string>
      <string></string>
      <string></string>
      <string></string>
    </string-array>
    <string-array>
      <string>Unassigned</string>
      <string>215300000</string>
      <string></string>
      <string></string>
      <string></string>
      <string></string>
    </string-array>
    <string-array>
      <string>ServiceChargeWriteOffs</string>
      <string>580010000</string>
      <string></string>
      <string></string>
      <string></string>
      <string></string>
    </string-array>
    <string-array>
      <string>PremiumWriteOffs</string>
      <string>580000000</string>
      <string></string>
      <string></string>
      <string></string>
      <string></string>
    </string-array>
    <string-array>
      <string>BankReturnChargeWriteOffs</string>
      <string>580020000</string>
      <string></string>
      <string></string>
      <string></string>
      <string></string>
    </string-array>
    <string-array>
      <string>LateFee</string>
      <string>779900000</string>
      <string></string>
      <string></string>
      <string></string>
      <string></string>
    </string-array>
    <string-array>
      <string>NSFFee</string>
      <string>779800000</string>
      <string></string>
      <string></string>
      <string></string>
      <string></string>
    </string-array>
    <string-array>
      <string>PremiumRefundsDue</string>
      <string>215000000</string>
      <string></string>
      <string></string>
      <string></string>
      <string></string>
    </string-array>
    <string-array>
      <string>ServiceChargeIncome</string>
      <string>527000000</string>
      <string></string>
      <string></string>
      <string></string>
      <string></string>
    </string-array>
    <string-array>
      <string>PremiumWriteOffs</string>
      <string>580020000</string>
      <string></string>
      <string>NSF_FEE</string>
      <string></string>
      <string></string>
    </string-array>
    <string-array>
      <string>PremiumWriteOffs</string>
      <string>580010000</string>
      <string></string>
      <string>LATE_FEE</string>
      <string></string>
      <string></string>
    </string-array>
    <string-array>
      <string>PremiumWriteOffs</string>
      <string>580010000</string>
      <string></string>
      <string>INSTALLMENTFEE</string>
      <string></string>
      <string></string>
    </string-array>
    <string-array>
      <string>PremiumClearing</string>
      <string>109011111</string>
      <string></string>
      <string></string>
      <string></string>
      <string></string>
    </string-array>
    <string-array>
      <string>PremiumReceivable</string>
      <string>109022222</string>
      <string></string>
      <string></string>
      <string></string>
      <string></string>
    </string-array>
    <string-array>
      <string>UPCashClearing</string>
      <string>528000000</string>
      <string></string>
      <string></string>
      <string></string>
      <string></string>
    </string-array>
    <string-array>
      <string>PremiumWriteOffs</string>
      <string>109700000</string>
      <string></string>
      <string>PREMIUM</string>
      <string>WL</string>
      <string></string>
    </string-array>
    <string-array>
      <string>PremiumWriteOffs</string>
      <string>109700000</string>
      <string></string>
      <string>INSTALLMENTFEE</string>
      <string>WL</string>
      <string></string>
    </string-array>
    <string-array>
      <string>PremiumWriteOffs</string>
      <string>109700000</string>
      <string></string>
      <string>NSF_FEE</string>
      <string>WL</string>
      <string></string>
    </string-array>
    <string-array>
      <string>PremiumWriteOffs</string>
      <string>109700000</string>
      <string></string>
      <string>PREMIUM</string>
      <string>RL</string>
      <string></string>
    </string-array>
    <string-array>
      <string>PremiumWriteOffs</string>
      <string>109700000</string>
      <string></string>
      <string>INSTALLMENTFEE</string>
      <string>RL</string>
      <string></string>
    </string-array>
    <string-array>
      <string>PremiumWriteOffs</string>
      <string>109700000</string>
      <string></string>
      <string>NSF_FEE</string>
      <string>RL</string>
      <string></string>
    </string-array>
    <string-array>
      <string>PremiumWriteOffs</string>
      <string>109600000</string>
      <string></string>
      <string>PREMIUM</string>
      <string>CO</string>
      <string></string>
    </string-array>
    <string-array>
      <string>PremiumWriteOffs</string>
      <string>109600000</string>
      <string></string>
      <string>INSTALLMENTFEE</string>
      <string>CO</string>
      <string></string>
    </string-array>
    <string-array>
      <string>PremiumWriteOffs</string>
      <string>109600000</string>
      <string></string>
      <string>NSF_FEE</string>
      <string>CO</string>
      <string></string>
    </string-array>
    <string-array>
      <string>PremiumWriteOffs</string>
      <string>109600000</string>
      <string></string>
      <string>PREMIUM</string>
      <string>RC</string>
      <string></string>
    </string-array>
    <string-array>
      <string>PremiumWriteOffs</string>
      <string>109600000</string>
      <string></string>
      <string>INSTALLMENTFEE</string>
      <string>RC</string>
      <string></string>
    </string-array>
    <string-array>
      <string>PremiumWriteOffs</string>
      <string>109600000</string>
      <string></string>
      <string>NSF_FEE</string>
      <string>RC</string>
      <string></string>
    </string-array>
    <string-array>
      <string>CashClearing</string>
      <string>105211222</string>
      <string>N</string>
      <string></string>
      <string></string>
      <string>Y</string>
    </string-array>
    <string-array>
      <string>CashClearing</string>
      <string>109920000</string>
      <string>Q</string>
      <string></string>
      <string></string>
      <string>Y</string>
    </string-array>
    <string-array>
      <string>CashClearing</string>
      <string>109900000</string>
      <string>P</string>
      <string></string>
      <string></string>
      <string>Y</string>
    </string-array>
    <string-array>
      <string>SuspenseMiscRecv</string>
      <string>215070000</string>
      <string></string>
      <string></string>
      <string>MSC</string>
      <string></string>
    </string-array>
    <string-array>
      <string>SuspenseMiscRecv</string>
      <string>527700000</string>
      <string></string>
      <string></string>
      <string>RECOV</string>
      <string></string>
    </string-array>
    <string-array>
      <string>Receivable</string>
      <string>109510000</string>
      <string></string>
      <string>FARM_BUREAU</string>
      <string></string>
      <string></string>
    </string-array>
    <string-array>
      <string>FBPayble</string>
      <string>215350000</string>
      <string></string>
      <string></string>
      <string></string>
      <string></string>
    </string-array>
    <string-array>
      <string>DisburseAccount</string>
      <string>215070000</string>
      <string></string>
      <string></string>
      <string>RECV</string>
      <string></string>
    </string-array>
    <string-array>
      <string>RecoveryPayable</string>
      <string>215070000</string>
      <string></string>
      <string>PAY_RECOVERY</string>
      <string></string>
      <string></string>
    </string-array>
    <string-array>
      <string>PremiumWriteOffs</string>
      <string>109600000</string>
      <string></string>
      <string>MNATPS</string>
      <string>CO</string>
      <string></string>
    </string-array>
    <string-array>
      <string>CashClearing</string>
      <string>109190000</string>
      <string>W</string>
      <string></string>
      <string></string>
      <string>Y</string>
    </string-array>
    <string-array>
      <string>CashClearing</string>
      <string>109190000</string>
      <string>X</string>
      <string></string>
      <string></string>
      <string>Y</string>
    </string-array>
    <string-array>
      <string>DisburseAccount</string>
      <string>215520000</string>
      <string>W</string>
      <string></string>
      <string></string>
      <string></string>
    </string-array>
    <string-array>
      <string>DisburseAccount</string>
      <string>215520000</string>
      <string>X</string>
      <string></string>
      <string></string>
      <string></string>
    </string-array>
    <string-array>
      <string>SuspenseMiscRecv</string>
      <string>109510000</string>
      <string></string>
      <string></string>
      <string>TRX_ILFB</string>
      <string></string>
    </string-array>
    <string-array>
      <string>SuspenseMiscRecv</string>
      <string>109510000</string>
      <string></string>
      <string></string>
      <string>TRX_NVFB</string>
      <string></string>
    </string-array>
    <string-array>
      <string>SuspenseMiscRecv</string>
      <string>109510000</string>
      <string></string>
      <string></string>
      <string>TRX_ORFB</string>
      <string></string>
    </string-array>
    <string-array>
      <string>SuspenseMiscRecv</string>
      <string>109510000</string>
      <string></string>
      <string></string>
      <string>TRX_WAFB</string>
      <string></string>
    </string-array>
  </data>
  <normalizedData/>
</GuidedTemplate>]]></propertiesDef></Entity></Entity></Entity></Entity><AccessInformation><SelectedPath><![CDATA[[{"UserId":"stgadmin","Main":"/User Data Definitions/STGBilling Rules~/User Data Definitions/STGBilling Rules/GeneralLedger/SetDefaultGLAccountNo~/User Data Definitions/STGBilling Rules/GeneralLedger~"}]]]></SelectedPath><NotSelected><![CDATA[[{"UserId":"stgadmin","Main":""}]]]></NotSelected></AccessInformation></Root>